{
    "SunSize": 0.04800000041723251,
    "SunSizeConvergence": 2,
    "AtmosphereThickness": 0.8500000238418579,
    "SkyTint": "87CEEBFF",
    "GroundColor": "4C4C4CFF",
    "Exposure": 1.0,
    "NightStartHeight": -0.03200000151991844,
    "NightEndHeight": -0.06400000303983689,
    "SkyFadeStart": -0.00800000037997961,
    "SkyEndStart": -0.04800000041723251,
    "FogDistance": 2048.0,
    "topCloudsFlat": "{\"cloudsTextureFile\":\"topLayer\",\"cloudsNormalTextureFile\":\"topLayerBump\",\"TilingX\":0.5,\"TilingY\":0.0625,\"OffsetX\":0.0,\"OffsetY\":0.0,\"DayColor\":\"808080FF\",\"NightColor\":\"3F3F3FFF\",\"AlphaTreshold\":0.0,\"AlphaMax\":0.02199999988079071,\"ColorBoost\":0.0,\"NormalEffect\":0.5860000252723694,\"NormalSpeed\":0.0,\"Opacity\":0.9980000257492065,\"Bending\":0.25}",
    "bottomCloudsFlat": "{\"cloudsTextureFile\":\"topLayer\",\"cloudsNormalTextureFile\":\"topLayerBump\",\"TilingX\":0.5,\"TilingY\":0.0625,\"OffsetX\":0.75,\"OffsetY\":0.25,\"DayColor\":\"A0A0A0FF\",\"NightColor\":\"333333FF\",\"AlphaTreshold\":0.0,\"AlphaMax\":0.19699999690055848,\"ColorBoost\":0.0,\"NormalEffect\":0.5680000185966492,\"NormalSpeed\":0.0,\"Opacity\":0.996999979019165,\"Bending\":0.25}"
}