{
    "SunSize": 0.03999999910593033,
    "SunSizeConvergence": 2,
    "AtmosphereThickness": 0.75,
    "SkyTint": "87CEEBFF",
    "GroundColor": "000000FF",
    "Exposure": 1.25,
    "NightStartHeight": -0.03200000151991844,
    "NightEndHeight": -0.06400000303983689,
    "SkyFadeStart": -0.03200000151991844,
    "SkyEndStart": -0.06400000303983689,
    "FogDistance": 2048.0,
    "topClouds": {
        "TilingX": 0.125,
        "TilingY": 0.125,
        "OffsetX": 0.0,
        "OffsetY": 0.0,
        "DayColor": "808080FF",
        "NightColor": "333333FF",
        "AlphaTreshold": 0.0,
        "AlphaMax": 0.09399999678134918,
        "ColorBoost": 0.0,
        "NormalEffect": 0.0,
        "NormalSpeed": 0.0,
        "Opacity": 1.0,
        "Bending": 0.44999998807907107
    },
    "bottomClouds": {
        "TilingX": 0.25,
        "TilingY": 0.25,
        "OffsetX": 0.0,
        "OffsetY": 0.0,
        "DayColor": "737373FF",
        "NightColor": "333333FF",
        "AlphaTreshold": 0.0,
        "AlphaMax": 0.20600000023841859,
        "ColorBoost": 0.0,
        "NormalEffect": 0.0,
        "NormalSpeed": 0.0,
        "Opacity": 0.9980000257492065,
        "Bending": 0.550000011920929
    }
}