{
    "SunSize": 0.03999999910593033,
    "SunSizeConvergence": 3,
    "AtmosphereThickness": 1.0,
    "SkyTint": "87CEEBFF",
    "GroundColor": "4C4C4CFF",
    "Exposure": 1.0,
    "NightStartHeight": -0.03200000151991844,
    "NightEndHeight": -0.06400000303983689,
    "SkyFadeStart": -0.03200000151991844,
    "SkyEndStart": -0.06400000303983689,
    "FogDistance": 2048.0,
    "topCloudsFlat": "{\"TilingX\":0.125,\"TilingY\":0.125,\"OffsetX\":0.0,\"OffsetY\":0.0,\"DayColor\":\"828282FF\",\"NightColor\":\"333333FF\",\"AlphaTreshold\":0.0,\"AlphaMax\":0.017999999225139619,\"ColorBoost\":0.0,\"NormalEffect\":0.890999972820282,\"NormalSpeed\":0.0,\"Opacity\":1.0,\"Bending\":0.44999998807907107}",
    "bottomCloudsFlat": "{\"TilingX\":0.25,\"TilingY\":0.25,\"OffsetX\":0.0,\"OffsetY\":0.0,\"DayColor\":\"878787FF\",\"NightColor\":\"333333FF\",\"AlphaTreshold\":0.0,\"AlphaMax\":0.27300000190734866,\"ColorBoost\":0.0,\"NormalEffect\":0.6060000061988831,\"NormalSpeed\":0.0,\"Opacity\":0.9980000257492065,\"Bending\":0.550000011920929}"
}